id_unique,id_hh,id_rhomis_dataset,id_form,id_proj,iso_country_code,year,currency_conversion_lcu_to_ppp,currency_conversion_factor_year,survey_length_minutes,land_cultivated_ha,land_owned_ha,livestock_tlu,hh_size_members,hh_size_mae,household_type,head_education_level,worst_food_security_month,best_food_security_month,nr_months_food_shortage,fies_score,hdds_good_season,hdds_good_season_bought,hdds_good_season_farm,hdds_bad_season,hdds_bad_season_bought,hdds_bad_season_farm,hdds_last_month,hdds_last_month_bought,hdds_last_month_farm,hdds_last_24hr,crop_income_lcu_per_year,livestock_income_lcu_per_year,total_income_lcu_per_year,off_farm_income_lcu_per_year,value_crop_consumed_lcu_per_hh_per_year,value_livestock_products_consumed_lcu_per_hh_per_year,value_farm_products_consumed_lcu_per_hh_per_year,crop_consumed_calories_kcal_per_hh_per_year,livestock_consumed_calories_kcal_per_hh_per_year,farm_products_consumed_calories_kcal_per_hh_per_year,proportion_of_value_controlled_female_youth,proportion_of_value_controlled_female_adult,proportion_of_value_controlled_male_youth,proportion_of_value_controlled_male_adult
a742bce2-e27b-48a0-a3f5-cebe3222a688,c38d6d772fd8dea8c2fe8f5c6e29e194,172b0614b0517f09014d80ac0d4610b9,test_frm,test_prj,KE,2021,43.7989404589708,2021,75,0.8,NA,0.02,5,4.05,man_single,primary,jul,may,4,4,6,3,6,6,3,5,NA,NA,NA,7,11900,NA,14875,2975,2475,0,2475,365000,0,365000,0.22028985507246374,0,0.4043478260869565,0.3753623188405797
3c0a3005-6bb6-40ac-b74b-f1d249c8f4bd,c7317d669515b4f8e86fd0268cf2d355,172b0614b0517f09014d80ac0d4610b9,test_frm,test_prj,KE,2021,43.7989404589708,2021,124,0.4,NA,0.05,5,3.86,couple,primary,jul,may,5,2,8,2,7,6,4,3,NA,NA,NA,8,6500,65700,240666.66666666663,168466.66666666663,1237.5,865.1851851851852,2102.685185185185,182500,9482.24,191982.24,0,0.992045358541372,0,0.007954641458628063
1a621330-13e8-4363-8bea-cde0bca1d30e,2082a9deba74308926653fc00148670a,172b0614b0517f09014d80ac0d4610b9,test_frm,test_prj,KE,2021,43.7989404589708,2021,141,1.5,3.3,0.35000000000000003,4,3.19,couple,primary,aug,mar,3,7,7,1,7,4,3,2,NA,NA,NA,6,6927.75,118625,156940.9375,31388.187500000004,1471.5,3244.444444444445,4715.944444444445,201420,21045.9,222465.9,0.23180602995358618,0,0.087869171693348,0.6803247983530658
fee48305-07b2-41c5-9772-f3e157e4cdaa,94aa3fb634043779b27f9c214bf1c9d1,c8f0989590cde01d524c1b143401267c,test_frm,test_prj,UG,2021,1310.59526556342,2021,106,1.5,NA,0.06,4,3.15,woman_single,primary,sep,mar,3,6,10,7,7,4,3,2,NA,NA,NA,7,0,127750,159687.5,31937.5,0,25820.748299319734,25820.748299319734,747125,31705.079999999998,778830.08,0,0.44704867373243806,0.5529513262675619,0
89764030-29a0-4d1a-86a3-e1362ccd7ddc,34594ccc451703d49f4d216e2fca18ce,c8f0989590cde01d524c1b143401267c,test_frm,test_prj,UG,2021,1310.59526556342,2021,76,0.2,0.2,0.2,1,1,man_single,secondary,oct,apr,2,2,8,5,4,6,4,3,NA,NA,NA,6,31850,NA,39812.5,7962.5,0,0,0,182500,0,182500,0,0,0,1
42676b9d-7803-441c-860c-f9f384498081,1c7013a006bba16573b1b89f739c0442,c8f0989590cde01d524c1b143401267c,test_frm,test_prj,UG,2021,1310.59526556342,2021,79,NA,1.036,1.66,4,3.36,couple,secondary,oct,apr,3,4,9,3,6,5,3,3,NA,NA,NA,8,20000,210821.42857142858,230821.42857142858,0,0,23663.265306122456,23663.265306122456,255500,128474.2,383974.2,0,0.5,0,0.5
ef81ddbe-6167-4dcc-a092-b70142d7350e,f7ed25b3dddb7e6e9ede9e8a56694b7e,0a6c01dc4b99156ef01cb3b7907d669e,test_frm,test_prj,VN,2021,7451.06735993479,2021,121,0.4,NA,0.42000000000000004,2,1.33,couple,secondary,NA,aug,NA,0,NA,NA,NA,NA,NA,NA,6,4,5,6,0,NA,0,0,0,0,0,657000,0,657000,NA,NA,NA,NA
dfd17d97-6fbb-4450-a59b-a12b0454a2b5,db77e0ed1bbda88589d35d183a4b30cb,0a6c01dc4b99156ef01cb3b7907d669e,test_frm,test_prj,VN,2021,7451.06735993479,2021,151,0.4,NA,0.04,4,3.11,couple,primary,sep,jun,5,8,7,2,6,6,2,5,NA,NA,NA,8,179600,102200,281800,0,0,0,0,0,0,0,NA,NA,NA,NA
2b03baf2-59d4-497c-b76a-2450eca69722,bab8356702dfee20bae51aa09c78fc41,0a6c01dc4b99156ef01cb3b7907d669e,test_frm,test_prj,VN,2021,7451.06735993479,2021,93,0.8,1.2000000000000002,0.2,4,3.19,couple,secondary,aug,feb,3,0,8,2,8,8,4,7,NA,NA,NA,9,132000,30000,180000,18000,4087.3015873015875,0,4087.3015873015875,678000,12401.42000000001,690401.42,0,0.5392351058966937,0,0.46076489410330645
0cfe74e6-28b3-466a-a57d-f0894ad201fa,4d090e01fdfb1a43254d60c55b6c5c79,0a6c01dc4b99156ef01cb3b7907d669e,test_frm,test_prj,VN,2021,7451.06735993479,2021,58,0.8,1,0.15,3,2.58,man_single,primary,aug,feb,3,1,9,1,9,8,5,6,NA,NA,NA,8,315000,162000,530000,53000,20436.507936507936,0,20436.507936507936,4047000,47469.12500000001,4094469.125,0,0,0,1
