﻿"unit_type","id_rhomis_dataset","survey_value","conversion"
"crop_name_to_std","172b0614b0517f09014d80ac0d4610b9","maize","maize"
"crop_name_to_std","172b0614b0517f09014d80ac0d4610b9","cassava","cassava"
"crop_name_to_std","172b0614b0517f09014d80ac0d4610b9","sukuma_wiki",NA
"crop_name_to_std","172b0614b0517f09014d80ac0d4610b9","tomato","tomato"
"crop_name_to_std","172b0614b0517f09014d80ac0d4610b9","irish_potato","irish_potato"
"crop_name_to_std","172b0614b0517f09014d80ac0d4610b9","field_beans",NA
"crop_name_to_std","c8f0989590cde01d524c1b143401267c","maize","maize"
"crop_name_to_std","c8f0989590cde01d524c1b143401267c","cassava","cassava"
"crop_name_to_std","c8f0989590cde01d524c1b143401267c","sukuma_wiki",NA
"crop_name_to_std","c8f0989590cde01d524c1b143401267c","field_beans",NA
"crop_name_to_std","c8f0989590cde01d524c1b143401267c","onion",NA
"crop_name_to_std","c8f0989590cde01d524c1b143401267c","macadamia",NA
"crop_name_to_std","c8f0989590cde01d524c1b143401267c","avocado",NA
"crop_name_to_std","c8f0989590cde01d524c1b143401267c","french beans",NA
"crop_name_to_std","c8f0989590cde01d524c1b143401267c","guavas",NA
"crop_name_to_std","0a6c01dc4b99156ef01cb3b7907d669e","maize","maize"
"crop_name_to_std","0a6c01dc4b99156ef01cb3b7907d669e","vegetables",NA
"crop_name_to_std","0a6c01dc4b99156ef01cb3b7907d669e","sorgham",NA
"crop_name_to_std","0a6c01dc4b99156ef01cb3b7907d669e","field_beans",NA
"crop_name_to_std","0a6c01dc4b99156ef01cb3b7907d669e","onion",NA
"crop_name_to_std","0a6c01dc4b99156ef01cb3b7907d669e","sukuma_wiki",NA
"crop_name_to_std","0a6c01dc4b99156ef01cb3b7907d669e","tomato","tomato"
"crop_name_to_std","0a6c01dc4b99156ef01cb3b7907d669e","cabbage",NA
"crop_name_to_std","0a6c01dc4b99156ef01cb3b7907d669e","other_example_1",NA
"crop_name_to_std","0a6c01dc4b99156ef01cb3b7907d669e","other_example_2",NA
"crop_name_to_std","0a6c01dc4b99156ef01cb3b7907d669e","other_example_3",NA
