﻿"unit_type","id_rhomis_dataset","survey_value","conversion"
"eggs_amount_to_pieces_per_year","172b0614b0517f09014d80ac0d4610b9","pieces/day","365"
"eggs_amount_to_pieces_per_year","172b0614b0517f09014d80ac0d4610b9","pieces/animal/day","pieces/animal/day"
"eggs_amount_to_pieces_per_year","c8f0989590cde01d524c1b143401267c","pieces/animal/day","pieces/animal/day"
"eggs_amount_to_pieces_per_year","c8f0989590cde01d524c1b143401267c","pieces/day","365"
"eggs_amount_to_pieces_per_year","0a6c01dc4b99156ef01cb3b7907d669e","pieces/month","13.0357142857143"
