﻿"unit_type","id_rhomis_dataset","survey_value","conversion"
"land_area_to_ha","172b0614b0517f09014d80ac0d4610b9","acres",0.4
"land_area_to_ha","172b0614b0517f09014d80ac0d4610b9","hectares",1
"land_area_to_ha","172b0614b0517f09014d80ac0d4610b9","other_unit_landowned",NA
"land_area_to_ha","c8f0989590cde01d524c1b143401267c","hectares",1
"land_area_to_ha","c8f0989590cde01d524c1b143401267c","acres",0.4
"land_area_to_ha","c8f0989590cde01d524c1b143401267c","other_unit",NA
"land_area_to_ha","0a6c01dc4b99156ef01cb3b7907d669e","acres",0.4
