﻿"unit_type","id_rhomis_dataset","survey_value","conversion"
"livestock_name_to_std","172b0614b0517f09014d80ac0d4610b9","chicken","chicken"
"livestock_name_to_std","172b0614b0517f09014d80ac0d4610b9","cattle_on_farm",NA
"livestock_name_to_std","172b0614b0517f09014d80ac0d4610b9","cattle_rangelands",NA
"livestock_name_to_std","172b0614b0517f09014d80ac0d4610b9","sheep","sheep"
"livestock_name_to_std","172b0614b0517f09014d80ac0d4610b9","cattle_farm",NA
"livestock_name_to_std","172b0614b0517f09014d80ac0d4610b9","cattle_grazing",NA
"livestock_name_to_std","172b0614b0517f09014d80ac0d4610b9","cattle","cattle"
"livestock_name_to_std","172b0614b0517f09014d80ac0d4610b9","goats","goats"
"livestock_name_to_std","172b0614b0517f09014d80ac0d4610b9","pigs","pigs"
"livestock_name_to_std","172b0614b0517f09014d80ac0d4610b9","turkey",NA
"livestock_name_to_std","172b0614b0517f09014d80ac0d4610b9","rabbits",NA
"livestock_name_to_std","172b0614b0517f09014d80ac0d4610b9","donkeys",NA
"livestock_name_to_std","172b0614b0517f09014d80ac0d4610b9","fish","fish"
"livestock_name_to_std","c8f0989590cde01d524c1b143401267c","cattle_on_farm",NA
"livestock_name_to_std","c8f0989590cde01d524c1b143401267c","chicken","chicken"
"livestock_name_to_std","c8f0989590cde01d524c1b143401267c","sheep","sheep"
"livestock_name_to_std","c8f0989590cde01d524c1b143401267c","rabbit",NA
"livestock_name_to_std","c8f0989590cde01d524c1b143401267c","pigs","pigs"
"livestock_name_to_std","c8f0989590cde01d524c1b143401267c","ducks",NA
"livestock_name_to_std","c8f0989590cde01d524c1b143401267c","cattle_farm",NA
"livestock_name_to_std","c8f0989590cde01d524c1b143401267c","cattle_grazing",NA
"livestock_name_to_std","c8f0989590cde01d524c1b143401267c","cattle","cattle"
"livestock_name_to_std","c8f0989590cde01d524c1b143401267c","goats","goats"
"livestock_name_to_std","c8f0989590cde01d524c1b143401267c","turkey",NA
"livestock_name_to_std","c8f0989590cde01d524c1b143401267c","rabbits",NA
"livestock_name_to_std","c8f0989590cde01d524c1b143401267c","donkeys",NA
"livestock_name_to_std","c8f0989590cde01d524c1b143401267c","fish","fish"
"livestock_name_to_std","0a6c01dc4b99156ef01cb3b7907d669e","sheep","sheep"
"livestock_name_to_std","0a6c01dc4b99156ef01cb3b7907d669e","cattle_on_farm",NA
"livestock_name_to_std","0a6c01dc4b99156ef01cb3b7907d669e","chicken","chicken"
"livestock_name_to_std","0a6c01dc4b99156ef01cb3b7907d669e","other_lvstk_1",NA
"livestock_name_to_std","0a6c01dc4b99156ef01cb3b7907d669e","other_lvstk_2",NA
"livestock_name_to_std","0a6c01dc4b99156ef01cb3b7907d669e","other_lvstk_3",NA
"livestock_name_to_std","0a6c01dc4b99156ef01cb3b7907d669e","cattle_farm",NA
"livestock_name_to_std","0a6c01dc4b99156ef01cb3b7907d669e","cattle_grazing",NA
"livestock_name_to_std","0a6c01dc4b99156ef01cb3b7907d669e","cattle","cattle"
"livestock_name_to_std","0a6c01dc4b99156ef01cb3b7907d669e","goats","goats"
"livestock_name_to_std","0a6c01dc4b99156ef01cb3b7907d669e","pigs","pigs"
"livestock_name_to_std","0a6c01dc4b99156ef01cb3b7907d669e","turkey",NA
"livestock_name_to_std","0a6c01dc4b99156ef01cb3b7907d669e","rabbits",NA
"livestock_name_to_std","0a6c01dc4b99156ef01cb3b7907d669e","donkeys",NA
"livestock_name_to_std","0a6c01dc4b99156ef01cb3b7907d669e","fish","fish"
