﻿"unit_type","id_rhomis_dataset","survey_value","conversion"
"crop_calories","172b0614b0517f09014d80ac0d4610b9","maize",3650
"crop_calories","172b0614b0517f09014d80ac0d4610b9","cassava",1600
"crop_calories","172b0614b0517f09014d80ac0d4610b9","tomato",210
"crop_calories","172b0614b0517f09014d80ac0d4610b9","irish_potato",580
"crop_calories","c8f0989590cde01d524c1b143401267c","maize",3650
"crop_calories","c8f0989590cde01d524c1b143401267c","cassava",1600
"crop_calories","0a6c01dc4b99156ef01cb3b7907d669e","maize",3650
"crop_calories","0a6c01dc4b99156ef01cb3b7907d669e","tomato",210
