﻿"unit_type","id_rhomis_dataset","survey_value","conversion"
"eggs_calories","172b0614b0517f09014d80ac0d4610b9","chicken",1550
"eggs_calories","172b0614b0517f09014d80ac0d4610b9","sheep",NA
"eggs_calories","c8f0989590cde01d524c1b143401267c","chicken",1550
"eggs_calories","c8f0989590cde01d524c1b143401267c","sheep",NA
"eggs_calories","c8f0989590cde01d524c1b143401267c","pigs",NA
"eggs_calories","0a6c01dc4b99156ef01cb3b7907d669e","sheep",NA
"eggs_calories","0a6c01dc4b99156ef01cb3b7907d669e","chicken",1550
