﻿"id_rhomis_dataset","survey_value","conversion","unit_type"
"0a6c01dc4b99156ef01cb3b7907d669e","chicken",NA,"mean_eggs_price_per_kg"
"0a6c01dc4b99156ef01cb3b7907d669e","sheep",NA,"mean_eggs_price_per_kg"
"172b0614b0517f09014d80ac0d4610b9","chicken",238.94862604540023,"mean_eggs_price_per_kg"
"172b0614b0517f09014d80ac0d4610b9","sheep",NA,"mean_eggs_price_per_kg"
"c8f0989590cde01d524c1b143401267c","chicken",123.43647136273881,"mean_eggs_price_per_kg"
"c8f0989590cde01d524c1b143401267c","pigs",NA,"mean_eggs_price_per_kg"
"c8f0989590cde01d524c1b143401267c","sheep",NA,"mean_eggs_price_per_kg"
