﻿"id_unique","id_hh","id_rhomis_dataset","id_form","id_proj","crop_calories_consumed_kcal","meat_calories_consumed_kcal","eggs_calories_consumed_kcal","milk_calories_consumed_kcal","bees_honey_calories_consumed_kcal"
"a742bce2-e27b-48a0-a3f5-cebe3222a688","c38d6d772fd8dea8c2fe8f5c6e29e194","172b0614b0517f09014d80ac0d4610b9","test_frm","test_prj",365000,0,0,0,0
"3c0a3005-6bb6-40ac-b74b-f1d249c8f4bd","c7317d669515b4f8e86fd0268cf2d355","172b0614b0517f09014d80ac0d4610b9","test_frm","test_prj",182500,3870,5612.24,0,0
"1a621330-13e8-4363-8bea-cde0bca1d30e","2082a9deba74308926653fc00148670a","172b0614b0517f09014d80ac0d4610b9","test_frm","test_prj",201420,0,21045.9,0,0
"fee48305-07b2-41c5-9772-f3e157e4cdaa","94aa3fb634043779b27f9c214bf1c9d1","c8f0989590cde01d524c1b143401267c","test_frm","test_prj",747125,6450,25255.079999999998,0,0
"89764030-29a0-4d1a-86a3-e1362ccd7ddc","34594ccc451703d49f4d216e2fca18ce","c8f0989590cde01d524c1b143401267c","test_frm","test_prj",182500,0,0,0,0
"42676b9d-7803-441c-860c-f9f384498081","1c7013a006bba16573b1b89f739c0442","c8f0989590cde01d524c1b143401267c","test_frm","test_prj",255500,100413,28061.199999999997,0,0
"ef81ddbe-6167-4dcc-a092-b70142d7350e","f7ed25b3dddb7e6e9ede9e8a56694b7e","0a6c01dc4b99156ef01cb3b7907d669e","test_frm","test_prj",657000,0,0,0,0
"dfd17d97-6fbb-4450-a59b-a12b0454a2b5","db77e0ed1bbda88589d35d183a4b30cb","0a6c01dc4b99156ef01cb3b7907d669e","test_frm","test_prj",0,0,0,0,0
"2b03baf2-59d4-497c-b76a-2450eca69722","bab8356702dfee20bae51aa09c78fc41","0a6c01dc4b99156ef01cb3b7907d669e","test_frm","test_prj",678000,2580,9821.42000000001,0,0
"0cfe74e6-28b3-466a-a57d-f0894ad201fa","4d090e01fdfb1a43254d60c55b6c5c79","0a6c01dc4b99156ef01cb3b7907d669e","test_frm","test_prj",4047000,38700,8769.12500000001,0,0
