﻿"unit_type","id_rhomis_dataset","survey_value","conversion"
"livestock_count_to_tlu","172b0614b0517f09014d80ac0d4610b9","chicken",0.01
"livestock_count_to_tlu","172b0614b0517f09014d80ac0d4610b9","sheep",0.1
"livestock_count_to_tlu","172b0614b0517f09014d80ac0d4610b9","cattle",0.7
"livestock_count_to_tlu","172b0614b0517f09014d80ac0d4610b9","goats",0.1
"livestock_count_to_tlu","172b0614b0517f09014d80ac0d4610b9","pigs",0.3
"livestock_count_to_tlu","172b0614b0517f09014d80ac0d4610b9","fish",NA
"livestock_count_to_tlu","c8f0989590cde01d524c1b143401267c","chicken",0.01
"livestock_count_to_tlu","c8f0989590cde01d524c1b143401267c","sheep",0.1
"livestock_count_to_tlu","c8f0989590cde01d524c1b143401267c","pigs",0.3
"livestock_count_to_tlu","c8f0989590cde01d524c1b143401267c","cattle",0.7
"livestock_count_to_tlu","c8f0989590cde01d524c1b143401267c","goats",0.1
"livestock_count_to_tlu","c8f0989590cde01d524c1b143401267c","fish",NA
"livestock_count_to_tlu","0a6c01dc4b99156ef01cb3b7907d669e","sheep",0.1
"livestock_count_to_tlu","0a6c01dc4b99156ef01cb3b7907d669e","chicken",0.01
"livestock_count_to_tlu","0a6c01dc4b99156ef01cb3b7907d669e","cattle",0.7
"livestock_count_to_tlu","0a6c01dc4b99156ef01cb3b7907d669e","goats",0.1
"livestock_count_to_tlu","0a6c01dc4b99156ef01cb3b7907d669e","pigs",0.3
"livestock_count_to_tlu","0a6c01dc4b99156ef01cb3b7907d669e","fish",NA
