﻿"unit_type","id_rhomis_dataset","survey_value","conversion"
"livestock_weight_kg","172b0614b0517f09014d80ac0d4610b9","chicken",1
"livestock_weight_kg","172b0614b0517f09014d80ac0d4610b9","sheep",25
"livestock_weight_kg","172b0614b0517f09014d80ac0d4610b9","cattle",250
"livestock_weight_kg","172b0614b0517f09014d80ac0d4610b9","goats",25
"livestock_weight_kg","172b0614b0517f09014d80ac0d4610b9","pigs",150
"livestock_weight_kg","172b0614b0517f09014d80ac0d4610b9","fish",1
"livestock_weight_kg","c8f0989590cde01d524c1b143401267c","chicken",1
"livestock_weight_kg","c8f0989590cde01d524c1b143401267c","sheep",25
"livestock_weight_kg","c8f0989590cde01d524c1b143401267c","pigs",150
"livestock_weight_kg","c8f0989590cde01d524c1b143401267c","cattle",250
"livestock_weight_kg","c8f0989590cde01d524c1b143401267c","goats",25
"livestock_weight_kg","c8f0989590cde01d524c1b143401267c","fish",1
"livestock_weight_kg","0a6c01dc4b99156ef01cb3b7907d669e","sheep",25
"livestock_weight_kg","0a6c01dc4b99156ef01cb3b7907d669e","chicken",1
"livestock_weight_kg","0a6c01dc4b99156ef01cb3b7907d669e","cattle",250
"livestock_weight_kg","0a6c01dc4b99156ef01cb3b7907d669e","goats",25
"livestock_weight_kg","0a6c01dc4b99156ef01cb3b7907d669e","pigs",150
"livestock_weight_kg","0a6c01dc4b99156ef01cb3b7907d669e","fish",1
