﻿"id_rhomis_dataset","survey_value","conversion","unit_type"
"0a6c01dc4b99156ef01cb3b7907d669e","maize",NA,"crop_price_lcu_per_kg"
"0a6c01dc4b99156ef01cb3b7907d669e","tomato",40.87301587301587,"crop_price_lcu_per_kg"
"172b0614b0517f09014d80ac0d4610b9","cassava",50,"crop_price_lcu_per_kg"
"172b0614b0517f09014d80ac0d4610b9","irish_potato",80,"crop_price_lcu_per_kg"
"172b0614b0517f09014d80ac0d4610b9","maize",24.75,"crop_price_lcu_per_kg"
"172b0614b0517f09014d80ac0d4610b9","tomato",25,"crop_price_lcu_per_kg"
"c8f0989590cde01d524c1b143401267c","cassava",NA,"crop_price_lcu_per_kg"
"c8f0989590cde01d524c1b143401267c","maize",NA,"crop_price_lcu_per_kg"
