﻿"id_rhomis_dataset","survey_value","conversion","unit_type"
"0a6c01dc4b99156ef01cb3b7907d669e","chicken",NA,"mean_milk_price_per_litre"
"0a6c01dc4b99156ef01cb3b7907d669e","sheep",NA,"mean_milk_price_per_litre"
"172b0614b0517f09014d80ac0d4610b9","chicken",NA,"mean_milk_price_per_litre"
"172b0614b0517f09014d80ac0d4610b9","sheep",NA,"mean_milk_price_per_litre"
"c8f0989590cde01d524c1b143401267c","chicken",NA,"mean_milk_price_per_litre"
"c8f0989590cde01d524c1b143401267c","pigs",NA,"mean_milk_price_per_litre"
"c8f0989590cde01d524c1b143401267c","sheep",NA,"mean_milk_price_per_litre"
