﻿"id_rhomis_dataset","survey_value","conversion","unit_type"
"0a6c01dc4b99156ef01cb3b7907d669e","chicken",NA,"mean_meat_price_per_kg"
"0a6c01dc4b99156ef01cb3b7907d669e","sheep",NA,"mean_meat_price_per_kg"
"172b0614b0517f09014d80ac0d4610b9","chicken",NA,"mean_meat_price_per_kg"
"172b0614b0517f09014d80ac0d4610b9","sheep",NA,"mean_meat_price_per_kg"
"c8f0989590cde01d524c1b143401267c","chicken",4761.904761904762,"mean_meat_price_per_kg"
"c8f0989590cde01d524c1b143401267c","pigs",349.2063492063492,"mean_meat_price_per_kg"
"c8f0989590cde01d524c1b143401267c","sheep",NA,"mean_meat_price_per_kg"
