﻿"unit_type","id_rhomis_dataset","survey_value","conversion"
"meat_calories","172b0614b0517f09014d80ac0d4610b9","chicken",1290
"meat_calories","172b0614b0517f09014d80ac0d4610b9","sheep",1075
"meat_calories","c8f0989590cde01d524c1b143401267c","chicken",1290
"meat_calories","c8f0989590cde01d524c1b143401267c","sheep",1075
"meat_calories","c8f0989590cde01d524c1b143401267c","pigs",2197
"meat_calories","0a6c01dc4b99156ef01cb3b7907d669e","sheep",1075
"meat_calories","0a6c01dc4b99156ef01cb3b7907d669e","chicken",1290
