﻿"unit_type","id_rhomis_dataset","survey_value","conversion"
"milk_calories","172b0614b0517f09014d80ac0d4610b9","chicken",NA
"milk_calories","172b0614b0517f09014d80ac0d4610b9","sheep",597
"milk_calories","c8f0989590cde01d524c1b143401267c","chicken",NA
"milk_calories","c8f0989590cde01d524c1b143401267c","sheep",597
"milk_calories","c8f0989590cde01d524c1b143401267c","pigs",NA
"milk_calories","0a6c01dc4b99156ef01cb3b7907d669e","sheep",597
"milk_calories","0a6c01dc4b99156ef01cb3b7907d669e","chicken",NA
