crop_rep_number,crop_rep_grp-crop_name,crop_rep_grp-crop_label,crop_rep_grp-crop_details-crop_no1,crop_rep_grp-crop_details-season_grown,crop_rep_grp-crop_details-crop_harvest,crop_rep_grp-crop_details-crop_yield,crop_rep_grp-crop_details-crop_yield_units,crop_rep_grp-crop_details-crop_yield_units_other,crop_rep_grp-crop_details-crop_intercrop,crop_rep_grp-crop_details-crop_land_area,crop_rep_grp-crop_use_details-crop_no2,crop_rep_grp-crop_use_details-crop_use,crop_rep_grp-crop_harvest_g1-crop_use_quantities-crop_no3,crop_rep_grp-crop_harvest_g1-crop_use_quantities-crop_consumed_prop,crop_rep_grp-crop_harvest_g1-crop_use_quantities-crop_sold_prop,crop_rep_grp-crop_harvest_g1-crop_use_quantities-crop_feed_lstk_prop,crop_rep_grp-crop_harvest_g1-crop_use_quantities-crop_seed_saved_prop,crop_rep_grp-crop_harvest_g1-crop_sold_income_group-crop_no4,crop_rep_grp-crop_harvest_g1-crop_sold_income_group-crop_sold_income,crop_rep_grp-crop_harvest_g1-crop_sold_income_group-crop_sold_price_quantityunits,crop_rep_grp-crop_harvest_g1-crop_sold_income_group-crop_price_quantityunits_other,crop_rep_grp-crop_harvest_g1-crop_who-crop_no5,crop_rep_grp-crop_harvest_g1-crop_who-crop_who_control_revenue,crop_rep_grp-crop_harvest_g1-crop_who-crop_consume_control,crop_rep_grp-crop_harvest_g1-residues_g1-crop_no6,crop_rep_grp-crop_harvest_g1-residues_g1-crop_residue_use,PARENT_KEY,KEY
1,Cassava,Cassava,,long,bad_harvest,6468.0,sacks_50kg,,intercrop,All,,eat,,,,,,,,,,,,Male_Youth,,burn,uuid:076bb740-3542-49ab-a6b2-e5efb70d76eb,uuid:076bb740-3542-49ab-a6b2-e5efb70d76eb/survey_grp/SECTION_Crop_Productivity/crop_repeat[1]
2,Cassava,Cassava,,long,bad_harvest,13.0,sacks_50kg,,intercrop,Most,,feed_livestock,,,,,,,,,,,,,,soil,uuid:076bb740-3542-49ab-a6b2-e5efb70d76eb,uuid:076bb740-3542-49ab-a6b2-e5efb70d76eb/survey_grp/SECTION_Crop_Productivity/crop_repeat[2]
1,vegetables,Vegetables,,both,normal_harvest,50.0,sacks_50kg,,monoculture,Most,,eat sell,,Most,UnderHalf,,,,5680.0,total_income_per_year,,,Male_adult,Male_Youth,,soil,uuid:3dbc6436-45a5-438e-9213-e13fefa40eac,uuid:3dbc6436-45a5-438e-9213-e13fefa40eac/survey_grp/SECTION_Crop_Productivity/crop_repeat[1]
2,vegetables,Vegetables,,short,good_harvest,6568.0,sacks_50kg,,monoculture,Most,,eat,,,,,,,,,,,,Female_Youth Male_Youth,,burn,uuid:3dbc6436-45a5-438e-9213-e13fefa40eac,uuid:3dbc6436-45a5-438e-9213-e13fefa40eac/survey_grp/SECTION_Crop_Productivity/crop_repeat[2]
