﻿"unit_type","id_rhomis_dataset","survey_value","conversion"
"crop_amount_to_kg","172b0614b0517f09014d80ac0d4610b9","sacks_50kg",50
"crop_amount_to_kg","172b0614b0517f09014d80ac0d4610b9","sacks_90kg",90
"crop_amount_to_kg","172b0614b0517f09014d80ac0d4610b9","kg",1
"crop_amount_to_kg","c8f0989590cde01d524c1b143401267c","sacks_90kg",90
"crop_amount_to_kg","c8f0989590cde01d524c1b143401267c","sacks_50kg",50
"crop_amount_to_kg","c8f0989590cde01d524c1b143401267c","kg",1
"crop_amount_to_kg","c8f0989590cde01d524c1b143401267c","debe_20kg",NA
"crop_amount_to_kg","0a6c01dc4b99156ef01cb3b7907d669e","sacks_90kg",90
"crop_amount_to_kg","0a6c01dc4b99156ef01cb3b7907d669e","kg",1
"crop_amount_to_kg","0a6c01dc4b99156ef01cb3b7907d669e","sacks_50kg",50
"crop_amount_to_kg","0a6c01dc4b99156ef01cb3b7907d669e","gorogoro_2kg",NA
"crop_amount_to_kg","0a6c01dc4b99156ef01cb3b7907d669e","debe_20kg",NA
