﻿"unit_type","id_rhomis_dataset","survey_value","conversion"
"crop_price_to_lcu_per_kg","172b0614b0517f09014d80ac0d4610b9","price_per_tin_2kg",NA
"crop_price_to_lcu_per_kg","172b0614b0517f09014d80ac0d4610b9","price_per_bag_90kg","0.011"
"crop_price_to_lcu_per_kg","172b0614b0517f09014d80ac0d4610b9","price_per_bag_50kg","0.02"
"crop_price_to_lcu_per_kg","172b0614b0517f09014d80ac0d4610b9","price_per_kg","1"
"crop_price_to_lcu_per_kg","c8f0989590cde01d524c1b143401267c","total_income_per_year","total_income_per_year"
"crop_price_to_lcu_per_kg","0a6c01dc4b99156ef01cb3b7907d669e","total_income_per_year","total_income_per_year"
"crop_price_to_lcu_per_kg","0a6c01dc4b99156ef01cb3b7907d669e","price_per_bag_50kg","0.02"
